name;synonym
Foeniculum Vulgare Root Extract;N/A
Peg-14 Dimethicone;N/A
Polyglyceryl-6 Dicaprate;N/A
Tipa-Laureth Sulfate;N/A
Viscum Album Fruit Extract;N/A
Hea Ipdi Isocyanurate Trimer/Polycaprolactone Diol Copolymer;N/A
Brassica Campestris Sprout Extract;N/A
Etocrylene;N/A
Simmondsia Chinensis Butter;N/A
Tris-Hea Ipdi Isocyanurate Trimer;N/A
Olivine Extract;N/A
Brachychiton Acerifolius Leaf Extract;N/A
Polyglyceryl-10 Dioleate;N/A
Sodium Hydroxypropylphosphate Decylglucoside Crosspolymer;N/A
Grifola Frondosa Extract;N/A
Iodine Trichloride;N/A
Hematite Extract;N/A
Peg-80 Glyceryl Cocoate;N/A
Sodium Guaiazulene Sulfonate;N/A
Cannabis Sativa Stem Powder;N/A
Dimethicone/Divinyldimethicone/Silsesquioxane Crosspolymer;N/A
Ecklonia Cava Water;N/A
Acrylates/Aminoacrylates/C10-30 Alkyl Peg-20 Itaconate Copolymer;N/A
Guanosine;N/A
Di-Ppg-2 Myreth-10 Adipate;Cromollient Sce
Citrus Aurantium Bergamia Peel Oil;Bergamot Essential Peel Oil
Hydrogenated Cottonseed Oil;N/A
Aminoethanesulfinic Acid;N/A
Toluene-2,5-Diamine Sulfate;N/A
Propylene Glycol Alginate;N/A
Lavandula Intermedia Flower/Leaf/Stem Water;N/A
Polyacryloyldimethyltaurate Polyoxymethylene Melamine;N/A
Pyrus Malus Root Extract;N/A
Bidens Pilosa Extract;N/A
Dimethyl Lauramine;N/A
Pelargonium Graveolens Extract;N/A
Chlorelleth-20;N/A
Cannabis Sativa Seed Water;N/A
Bacillus/Cordyceps Sinensis/Ganoderma Lucidum/Inonotus Obliquus/Lentinus Edodes/Phellinus Linteus/Schizophyllum Commune/Tricholoma Matsutake Extract Ferment Filtrate;N/A
Bis-Hydroxypropyl Dimethicone/Smdi Copolymer;N/A
Coumarin;N/A
Stearyl Stearate;N/A
Ci 15985;Yellow 6, Orange Yellow S, and Sunset Yellow Fcf
Polyglyceryl-2 Sesquicaprylate;N/A
Bambusa Arundinacea Stem Powder;Bamboo Powder
Yucca Schidigera Stem Extract;N/A
Victoria Amazonica Flower Extract;N/A
Menthyl PCA;N/A
Cinnamomum Camphora Leaf Oil;N/A
Methyl Lactate;N/A
Cucumis Sativus Juice;N/A
Aletris Farinosa Root Extract;N/A
Polyester-4;N/A
Bis-Ethylhydroxycyclohexyl Methacrylate Dimethicone/Butyl Acrylate Crosspolymer;N/A
Beta Vulgaris Root Juice;N/A
Disteareth-6 Dimonium Chloride;N/A
Trideceth-2 Carboxamide Mea;N/A
Methyl Glucose Laurate;N/A
Paeonia Officinalis Flower Extract;N/A
Hydrolyzed F-Fucoidan;N/A
Methyl Dihydroxybenzoate;N/A
Beer;N/A
Allo-Ocimene;N/A
Chlamydomonas Extract;N/A
Ipomoea Purpurea Extract;N/A
Prunus Mume Leaf Extract;N/A
Solanum Aviculare Seed Oil;N/A
Disodium Ethylene Dicocamide Peg-15 Disulfate;N/A
Durvillaea Potatorum Extract;N/A
Allanblackia Parviflora Seed Butter;N/A
Elaeis Guineensis Extract;N/A
Malus Domestica Callus Extract;N/A
Ci 75125;N/A
Albizia Julibrissin Branch/Leaf Extract;N/A
Polyglyceryl-4 Caprate;N/A
Undeceth-5;N/A
Withania Somnifera Root Powder;Ashwagandha Root Powder
Acrylic Acid/Isobutyl Acrylate/Isobornyl Acrylate Copolymer;N/A
Menthyl Anthranilate;N/A
Phaseolus Radiatus Sprout Extract;N/A
Nylon-11;N/A
Aframomum Melegueta Seed Extract;Grains Of Paradise
Prunus Virginiana Bark Extract;N/A
Lauroyl Pg-Trimonium Chloride;N/A
Ganoderma Sinense Extract;N/A
Hibiscus Abelmoschus Flower Extract;N/A
Quaternium-16;N/A
Glyceryl Cocoate;N/A
Melaleuca Cajaputi Extract;N/A
Oryza Sativa Hull Powder;N/A
Octafluoropentyl Methacrylate;N/A
Vetiveria Zizanoides Root Extract;N/A
Hydrolyzed Camellia Sinensis Leaf;N/A
Peg-10 Hydrogenated Castor Oil;N/A
Ficus Carica Bud Extract;N/A
Ppg-26 Oleate;N/A
2,4,6-Trimethyl-4-Phenyl-1,3-Dioxane;N/A
Rh-Polypeptide-31;N/A
Zinc Citrate;N/A
Acid Green 50;N/A
Averrhoa Carambola Fruit Extract;N/A
Canarium Indicum Seed Oil;N/A
Polypodium Leucotomos Leaf Extract;N/A
Peg-9 Oleate;N/A
Sempervivum Tectorum Extract;N/A
Phoenix Dactylifera Fruit Extract;N/A
Viola Odorata Flower/Leaf Extract;N/A
Lauramidopropyl Hydroxysultaine;N/A
Di-C12-13 Alkyl Malate;N/A
Peg-15 Cocamine;N/A
Methyl Benzodioxepinone;N/A
Abies Balsamea Needle Oil;N/A
Bis-Dimonium Methosulfate;N/A
Soy Protein Phthalate;N/A
Abies Koreana Leaf Extract;N/A
Methyl Glucose Dioleate;N/A
Hydrolyzed Vitis Labrusca Skin Extract;N/A
Acid Red 18 Aluminum Lake;N/A
Dimethicone Peg-7 Phosphate;N/A
Dextrin Myristate;N/A
Kluyveromyces/Lactobacillus/Walnut Seed Ferment Oil Filtrate;N/A
Hydrogenated Walnut Seed Oil;N/A
Peg/Ppg-20/20 Dimethicone;N/A
Isopropyl Titanium Triisostearate/Triethoxysilylethyl Polydimethylsiloxyethyl Dimethicone Crosspolymer;N/A
Acanthus Mollis Leaf Extract;N/A
Acid Red 27 Aluminum Lake;N/A
Acid Red 18;N/A
Acetamidophenyl Methoxypropionic Acid;N/A
Hc Red No. 7;N/A
Synthetic Japan Wax;N/A
Xanthan Gum Crosspolymer;N/A
Myrocarpus Fastigiatus Oil;N/A
Adipic Acid/Neopentyl Glycol/Trimellitic Anhydride Copolymer;N/A
Methyl Benzoate;N/A
Aesculus Turbinata Bark;N/A
Agave Rigida;N/A
Rubus Chamaemorus Fruit Juice;N/A
Sodium Laneth Sulfate;N/A
Sodium Trideceth-3 Carboxylate;N/A
Thuja Occidentalis Leaf Oil;N/A
Glycine Soja Seedcake Extract;N/A
Pentaerythrityl Tetracocoate;N/A
Peg-150 Pentaerythrityl Tetrastearate;N/A
Xymenynic Acid;N/A
Thymol Trimethoxycinnamate;N/A
Caesalpinia Sappan Stem Extract;N/A
Osmanthus Fragrans Extract;N/A
Triticum Vulgare Bran;N/A
Pig Adipocyte Conditioned Media;N/A
Prunus Persica Kernel Oil;Peach Kernel Oil
Glyceryl Diisostearate;N/A
Sodium Deoxycholate;N/A
C12-14 Sec-Pareth-7;N/A
Paeonia Albiflora Flower Extract;N/A
Acrylates/Isobornyl Acrylate Copolymer;N/A
Acetyl Sh-Pentapeptide-1;N/A
Arctostaphylos Uva-Ursi Leaf Powder;N/A
Benzophenone-2;N/A
Undecylenamide Dea;N/A
Vp/Dmapa Acrylates Copolymer;N/A
Opuntia Coccinellifera Fruit Extract;N/A
Polyglyceryl-3 PCA;N/A
Propylene Glycol Cocoate;N/A
Tilia Tomentosa Extract;N/A
Trimethylolpropane Tricocoate;N/A
Citrus Jabara Peel Extract;N/A
Trisodium Sulfosuccinate;N/A
Saccharomyces/Rice Bran Ferment Filtrate Extract;N/A
Tocopheryl Glucoside;N/A
Mango Butter Dimer Dilinoleyl Esters/Dimer Dilinoleate Copolymer;N/A
Thymus Vulgaris Leaf Water;N/A
Solanum Lycopersicum Leaf Extract;N/A
Sodium Acrylate/Vinyl Alcohol Copolymer;N/A
Tea-Lactate;N/A
Glyceryl Ricinoleate;N/A
Vetiveryl Acetate;N/A
C20-24 Olefin;N/A
Luffa Cylindrica Fruit Extract;N/A
C26-28 Alkyl Dimethicone;N/A
Lauryl/Myristyl Polyricinoleate;N/A
Nelumbo Nucifera Callus Culture Extract;N/A
Hydrolyzed Verbascum Thapsus Flower;N/A
Trimethylbenzenepropanol;N/A
Larrea Tridentata Extract;Creosote Bush, Greasewood, Chaparral, and Gobernadora
Bacillus/Rice Bran Extract/Soybean Extract Ferment Filtrate;N/A
Stearamide Amp;N/A
Opuntia Tuna Flower/Stem Extract;N/A
Boswellia Carterii Gum Water;N/A
Dipteryx Odorata Seed Extract;N/A
Polyacrylic Acid;N/A
Phenyl Mercuric Bromide;N/A
Anogeissus Leiocarpus Bark Extract;N/A
Peg-8 Glyceryl Isostearate;N/A
Isodecyl Isononanoate;N/A
Wool;N/A
Dimethiconol Meadowfoamate;N/A
Alisma Orientale Tuber Extract;N/A
Tridecyl Stearate;N/A
Cobalt Gluconate;N/A
Trideceth-15;N/A
Behenyl/Octyldodecyl Propanediol Citrate Crosspolymer;N/A
Triticum Vulgare Germ Powder;N/A
Poloxamer 101;N/A
Dimethylpabamidopropyl Laurdimonium Tosylate;N/A
Hydroxypropyltrimonium Hydrolyzed Corn Starch;N/A
Isosorbide Dicaprylate;N/A
Arginine Aspartate;N/A
Prolinamidoethyl Imidazole;N/A
Vanillosmopsis Erythropappa Flower/Leaf Oil;N/A
Dipentaerythrityl Tetrabehenate/Polyhydroxystearate;N/A
Citrus Aurantium Amara Flower Cera;N/A
Chrysanthemum Indicum Callus Culture Extract;N/A
Glyceryl Behenate/Eicosadioate;N/A
Cholesteryl Chloride;N/A
Genipa Americana Fruit Extract;N/A
Trimethylindolino Piperidinylspironaphthooxazine;N/A
Commiphora Myrrha Leaf Cell Extract;N/A
Persea Gratissima Wax;N/A
Styrene/Butadiene Copolymer;N/A
Pyrus Communis Fruit Cell Culture Extract;N/A
Polyalkylaminoester-1;N/A
Xylene Sulfonic Acid;N/A
Hydrogenated Rapeseed Oil;N/A
Pouteria Lucuma Pulp Extract;N/A
Poloxamer 188;N/A
Lactobacillus/Ganoderma Lucidum Extract/Lentinus Edodes Extract Ferment Filtrate;N/A
Foeniculum Vulgare Leaf Extract;N/A
Tosylamide/Formaldehyde Resin;N/A
Tamarindus Indica Fruit Extract;N/A
Syringa Vulgaris Leaf Cell Culture Extract;N/A
Sphagnum Magellanicum Extract;N/A
Polyurethane-40;N/A
Thuja Occidentalis Leaf Extract;N/A
Spirodela Polyrhiza Extract;N/A
Silanediol Salicylate;N/A
Isodeceth-2 Cocoate;N/A
Ci 12120;N/A
Hydroxypropyl Oxidized Starch Pg-Trimonium Chloride;N/A
Carbon Black;N/A
Lavandula Hybrida Extract;N/A
Stearamine;N/A
Passiflora Edulis Flower Extract;N/A
Magnesium Cocoate;N/A
Tallow Acid;N/A
Ethanolamine;N/A
Tea-Lauroyl Lactylate;N/A
Lauryl Polyglyceryl-3 Polydimethylsiloxyethyl Dimethicone;N/A
Sodium Lactate Methylsilanol;N/A
Ci 14720;N/A
Citrus Reticulata Peel Extract;N/A
Sodium Rna;N/A
Cellulose Acetate Butyrate;N/A
Methyl Ethylcellulose;N/A
Argania Spinosa Sprout Cell Extract;N/A
Beheneth-10;N/A
Sucrose Acetate Isobutyrate;N/A
Ethyl 3,5,5-Trimethylhexanoate;N/A
Poncirus Trifoliata Fruit/(Ulmus Macrocarpa/Oenthera Odorata/Artemisia Princeps/Castor/Pinus Rigida/Pueraria Lobata) Leaf/Stem/Sucrose Ferment Filtrate;N/A
Aspergillus/Walnut Seed/Peach Seed/Apricot Seed/Prunus Mume Seed Ferment Filtrate;N/A
Hexapeptide-3;N/A
Mea-Cocoate;N/A
Citrus Aurantium Leaf Oil;N/A
Lavandula Angustifolia Herb Oil;N/A
Peg-120 Glyceryl Stearate;N/A
Mangifera Indica Seed Extract;N/A
Polymethyl/Phenylsilsesquioxane Silicate;N/A
Hydrogenated Coconut Acid;N/A
Isooctane;N/A
Myrtus Communis Leaf Water;N/A
Ammonium Alum;N/A
Theobroma Cacao Shell Powder;N/A
Octyldodecyl Cocoate;N/A
Leptospermum Petersonii Oil;N/A
Sodium Lauryl Glycol Carboxylate;N/A
Schisandra Chinensis Fruit Powder;N/A
Polyglyceryl-2 Laurate;N/A
Peg-10 Cocoate;N/A
Polyglyceryl-10 Tricocoate;N/A
Tea-Cocoate;N/A
Fraxinus Excelsior Bud Extract;N/A
Hydrolyzed Corn Starch Octenylsuccinate;N/A
Peg-30 Castor Oil;N/A
Peg-15 Cocoate;N/A
Limonia Acidissima Extract;N/A
Peg-50 Glyceryl Isostearate;N/A
Reseda Luteola Extract;N/A
Peg-30 Glyceryl Isostearate;N/A
Lysine Thiazolidine Carboxylate;N/A
Potassium Hydrogenated Cocoate;N/A
Mea-Laureth Sulfate;N/A
Tocopheryl Linoleate;N/A
Ppg/Peg-2/10 Glyceryl Cocoate;N/A
Ppg-3 Caprylyl Ether;N/A
Diethylaminoethyl Peg-5 Cocoate;N/A
Ci 42053;N/A
Isochrysis Galbana Extract;N/A
3-Glyceryl Ascorbate;N/A
Sodium Hydrogenated Cocoate;N/A
Peg-8 Caprylic/Capric Glycerides;N/A
Ranunculus Ficaria Extract;N/A
Sorbeth-12 Hexacocoate;N/A
Lactobacillus/Aspergillus/Prunus Mume Fruit Ferment Filtrate;N/A
Scenedesmus Deserticola Ferment Extract;N/A
Thuja Occidentalis Stem Oil;N/A
Oleyl Lactate;N/A
1,4-Butanediol;N/A
Sodium Isostearoyl Lactylate;N/A
Albizia Lebbeck Leaf;N/A
Di-C12-18 Alkyl Dimonium Chloride;N/A
Disodium C12-14 Pareth-3 Sulfosuccinate;N/A
Polyglyceryl-2 Sesquioleate;N/A
Papaver Rhoeas Flower Powder;N/A
Toluene Sulfonic Acid;N/A
Helianthus Tuberosus Root Extract;N/A
Pichia Ferment Lysate Filtrate;N/A
Methylsilanol Mannuronate;N/A
Coriandrum Sativum Fruit Extract;N/A
Sodium Lauryl Sulfoacetate;Lanthanol Lal Powder
Thymus Serpyllum Extract;N/A
Jasminum Grandiflorum Flower Wax;N/A
Neopentyl Glycol Dicaprylate/Dicaprate;N/A
Peg-10 Dimethicone Crosspolymer;N/A
Commiphora Mukul Resin Extract;N/A
Sodium Polynaphthalenesulfonate;N/A
Tar Oil;N/A
Lysine Cocoate;N/A
Sodium Taurine Lauroyl Methyl Beta-Alaninate;N/A
Hedera Helix Extract;N/A
Prunus Speciosa Leaf Extract;N/A
Cladosiphon Novae-Caledoniae Polysaccharide;N/A
Lactobacillus/Leuconostoc/Acetobacter/Kluyveromyces/Saccharomyces Milk Ferment Filtrate;N/A
Glycereth-7 Cocoate;N/A
Styrene/Methylstyrene/Indene Copolymer;N/A
Lactobacillus/Arundinaria Gigantea Leaf Ferment Filtrate;N/A
Ligustrum Japonicum Fruit Extract;N/A
Glycereth-5 Cocoate;N/A
Citrus Sunki Peel Extract;N/A
Lactobacillus/Dipteryx Odorata Seed Ferment Filtrate;N/A
Limonium Narbonense Flower/Leaf/Stem Extract;N/A
Decyl Cocoate;N/A
Arachidyl Propionate;N/A
Plantago Major Seed Extract;N/A
Stearoxy Dimethicone;N/A
Citrus Grandis Peel Extract;N/A
Cnidium Officinale Root Water;N/A
Glycereth-20 Cocoate;N/A
Sodium Lauroyl Glycinate;N/A
Sorbitol/Sebacic Acid Copolymer Behenate;N/A
Artemisia Argyi Leaf Extract;N/A
Lavandula Spica Flower Oil;N/A
Palm Oil Polyglyceryl-6 Esters;N/A
Isopropylideneglyceryl Cocoate;N/A
Ci 77220;N/A
Citrine;N/A
Rapeseed Acid;N/A
Silkworm Cocoon Extract;N/A
Glycereth-17 Cocoate;N/A
Calcium Sodium Phosphosilicate;N/A
Curcuma Longa Callus Culture Conditioned Media;N/A
Sodium Cocoyl Sarcosinate;N/A
Hexapeptide-5;N/A
Apium Graveolens Stem Extract;N/A
Methyl Salicylate;N/A
Sucralose;N/A
Hexyldecyl Stearate;N/A
Isostearyl Glyceryl Ether;N/A
Peg-2 Stearate;N/A
Hydrolyzed Chenopodium Quinoa Seed;N/A
Hydrangea Arborescens Root Extract;N/A
Dianthus Longicalyx Seed Extract;N/A
Tuber Aestivum Extract;N/A
Sodium Laureth-13 Carboxylate;N/A
Gynostemma Pentaphyllum Leaf Extract;N/A
Octadecene/Ma Copolymer;N/A
Gnaphalium Leontopodium Flower Extract;N/A
Glyoxal;N/A
Asparagopsis Armata Extract;N/A
Acetyl Ethylhexyl Polyhydroxystearate;N/A
Sodium Behenate;N/A
Silver Chloride;N/A
Mentha Viridis Extract;N/A
Sophora Japonica Flower Extract;N/A
Zinc Carbonate Hydroxide;N/A
Phaseolus Radiatus Meristem Cell Culture Extract;N/A
Helianthus Annuus Hybrid Oil;N/A
Cetalkonium Chloride;N/A
Palm Kernelamidopropyl Betaine;N/A
Iris Florentina Root;Orris Root
Alanine/Histidine/Lysine Polypeptide Copper Hcl;N/A
Peg-7 Methyl Ether;N/A
Solanum Tuberosum Peel Extract;N/A
Steareth-4;N/A
Hydrolyzed Chitosan;N/A
Sodium Stearoxy Pg-Hydroxyethylcellulose Sulfonate;N/A
Caprylyl Glycol Linseedate;N/A
Kluyveromyces/Lactobacillus/Lactococcus/Leuconostoc/Saccharomyces Milk Ferment Filtrate;N/A
Sodium Ricinoleate;N/A
Gossypium Hirsutum Extract;N/A
Serica Extract;N/A
Peg-4 Laurate;N/A
Sodium C14-18 Olefin Sulfonate;N/A
C30-50 Alcohols;N/A
Sucrose Hexaisostearate;N/A
Solanum Nigrum Extract;N/A
Ginsenoside Re;N/A
Phenylene Bis-Diphenyltriazine;N/A
Pinus Sibirica Seed Oil Polyglyceryl-6 Esters;N/A
Peucedanum Japonicum Leaf/Stem Extract;N/A
Schinziophyton Rautanenii Kernel Oil Polyglyceryl-6 Esters;N/A
Sclerocarya Birrea Seed Oil Polyglyceryl-6 Esters;N/A
Soybean Oil Polyglyceryl-6 Esters;N/A
Hydrolyzed Linseed Seed;N/A
Phalaenopsis Amabilis Flower Extract;N/A
Sodium Laureth-5 Carboxylate;N/A
Sesame Oil Polyglyceryl-6 Esters;N/A
Sunflower Seed Oil Polyglyceryl-6 Esters;N/A
Hydroxybutyric Acid/Hydroxypentanoic Acid Copolymer;N/A
Hydrolyzed Sericin;N/A
Isomethyl-Beta-Ionone;N/A
Trilinolein;N/A
Cyclopia Subternata Flower/Leaf/Stem Extract;N/A
Bis-Peg/Ppg-14/14 Dimethicone;N/A
Pinus Koraiensis Seed Oil;N/A
Sh-Polypeptide-62;N/A
Sh-Polypeptide-14;N/A
Viola Odorata Extract;N/A
Sh-Oligopeptide-33;N/A
Trimyristin;N/A
Castanea Sativa Shell Extract;N/A
Pyrroloquinoline Quinone Allyl Ester;N/A
Ximenia Americana Seed Oil Polyglyceryl-6 Esters;N/A
Ruby Powder;N/A
Coffee Seed Oil Polyglyceryl-6 Esters;N/A
Rice Sh-Polypeptide-3;N/A
Perfluoromethylcyclopentane;N/A
Picea Abies Wood Extract;N/A
Stearyl Stearoyl Stearate;N/A
Pinus Densiflora Bark Extract;N/A
Saccharina Angustata/Undaria Pinnatifida Extract;N/A
Picea Abies Extract;N/A
Picrasma Excelsa Wood Extract;N/A
Pinanediol;N/A
Pisum Sativum Sprout Extract;N/A
Octenidine Hcl;N/A
Sodium Glycerophosphate;N/A
Pantothenic Acid/Yeast Polypeptide;N/A
Platycodon Grandiflorus Root Extract;N/A
Palmitoyl Tripeptide-29;N/A
Platanus Occidentalis Bark Extract;N/A
Plumeria Alba Flower Extract;N/A
Quercus Suber Bark;N/A
C26-28 Alkyldimethylsilyl Polypropylsilsesquioxane;N/A
Polyglyceryl-4 Oleyl Ether;N/A
Didecyldimonium Chloride;N/A
Aluminum Distearate;N/A
Hydrogenated Pistachio Seed Oil;N/A
Sodium C12-14 Olefin Sulfonate;N/A
Luffa Cylindrica Fruit/Leaf/Stem Extract;N/A
Hydroxyphenyl Glycinamide;N/A
Hydrogenated Castor Oil Dimer Dilinoleate;N/A
Sodium Glucuronate;N/A
Peg-23m;N/A
Potassium Myristoyl Glutamate;N/A
Potassium Carbonate;N/A
Carnitine Hcl;N/A
Dextrin Palmitate/Ethylhexanoate;N/A
Hydrogenated Corn Oil;N/A
Clay Mineral Oxides;N/A
Sodium Succinate;N/A
